{
  "id": "t3",
  "name": "Dr. Sarah Johnson",
  "credentials": "Ph.D., Licensed Clinical Psychologist",
  "specialties": ["Trauma", "PTSD", "Exposure Therapy", "Cognitive Processing Therapy"],
  "yearsExperience": 8,
  "bio": "Dr. Johnson specializes in evidence-based treatments for trauma and PTSD. She completed her Ph.D. at the University of Pennsylvania with a focus on trauma psychology and completed specialized training in Prolonged Exposure and Cognitive Processing Therapy. Dr. Johnson has worked with veterans, survivors of sexual assault, and individuals with complex trauma histories. She takes an integrative approach while emphasizing evidence-based protocols.",
  "patientIds": [],
  "availability": {
    "monday": ["9:00-17:00"],
    "tuesday": ["9:00-17:00"],
    "wednesday": ["9:00-17:00"],
    "thursday": ["12:00-20:00"],
    "friday": ["9:00-15:00"]
  },
  "contactInfo": {
    "email": "s.johnson@claritytherapy.com",
    "phone": "555-123-4569",
    "office": "Suite 301"
  }
}