{
  "id": "t1",
  "name": "Dr. Maria Martinez",
  "credentials": "Ph.D., Licensed Clinical Psychologist",
  "specialties": ["Anxiety Disorders", "Depression", "CBT", "Mindfulness-Based Therapies"],
  "yearsExperience": 12,
  "bio": "Dr. Martinez specializes in cognitive-behavioral and mindfulness-based approaches to treating anxiety and mood disorders. She completed her Ph.D. at Stanford University and her clinical internship at UCLA Medical Center. Dr. Martinez has published research on the integration of mindfulness practices with traditional CBT for anxiety disorders.",
  "patientIds": ["p1", "p3"],
  "availability": {
    "monday": ["9:00-12:00", "13:00-17:00"],
    "tuesday": ["9:00-12:00", "13:00-17:00"],
    "wednesday": ["9:00-12:00"],
    "thursday": ["9:00-12:00", "13:00-17:00"],
    "friday": ["9:00-12:00", "13:00-15:00"]
  },
  "contactInfo": {
    "email": "m.martinez@claritytherapy.com",
    "phone": "555-123-4567",
    "office": "Suite 302"
  }
}