{
  "id": "h2",
  "date": "2023-06-03T14:00:00Z",
  "type": "Session",
  "notes": "Michael reported slightly improved mood this week after starting the daily walking routine we discussed. He noted that mornings remain the most difficult time, with low motivation and energy. We explored his reluctance to reach out to former friends, identifying fears of rejection and being judged for his career setbacks. Michael shared a childhood memory of his father criticizing him for getting second place in a math competition, saying 'second place is just the first loser.' We discussed how this experience might relate to his current perfectionism and fear of judgment. He showed good insight into this connection.",
  "homework": "Continue daily walks. Attend one photography meetup (old hobby). Begin thought record focusing on social anxiety thoughts.",
  "metrics": {
    "anxiety": 60,
    "depression": 65
  },
  "insights": [
    "Physical activity showing positive impact on mood",
    "Childhood experiences informing current perfectionism",
    "Social anxiety strongly tied to fear of judgment",
    "Good insight development regarding origins of thought patterns"
  ]
}