{
  "id": "h1",
  "date": "2023-06-10T14:00:00Z",
  "type": "Session",
  "notes": "Michael reported increased depression this week following a negative performance review at work. He described feeling 'worthless' and 'a failure,' with thoughts that he 'will never succeed at anything.' Sleep has been disrupted with early morning awakening around 4am and difficulty returning to sleep. He did complete the behavioral activation homework, attending a photography meetup, which he acknowledged provided temporary mood improvement. However, he reported significant anxiety during the social interactions and left early. We worked on identifying and challenging his negative thoughts about the work review, noting the all-or-nothing thinking patterns.",
  "homework": "Continue daily mood tracking. Schedule two photography outings (solo). Practice thought challenging worksheet for work-related negative thoughts.",
  "metrics": {
    "anxiety": 58,
    "depression": 72
  },
  "insights": [
    "Work performance strongly tied to self-worth",
    "All-or-nothing thinking pattern prominent",
    "Behavioral activation showing some benefit despite anxiety",
    "Sleep disruption exacerbating mood symptoms"
  ]
}