{
  "id": "t2",
  "name": "Dr. James Wilson",
  "credentials": "Psy.D., Licensed Clinical Psychologist",
  "specialties": ["Depression", "Trauma", "Psychodynamic Therapy", "EMDR"],
  "yearsExperience": 15,
  "bio": "Dr. Wilson has extensive experience treating depression, trauma, and relationship issues. He integrates psychodynamic approaches with evidence-based trauma treatments including EMDR. He completed his Psy.D. at Rutgers University and has specialized training in treating complex trauma. Dr. Wilson previously served as the clinical director for a community mental health center before joining private practice.",
  "patientIds": ["p2"],
  "availability": {
    "monday": ["10:00-18:00"],
    "tuesday": ["10:00-18:00"],
    "wednesday": ["12:00-20:00"],
    "thursday": ["10:00-18:00"],
    "friday": []
  },
  "contactInfo": {
    "email": "j.wilson@claritytherapy.com",
    "phone": "555-123-4568",
    "office": "Suite 305"
  }
}