{
  "id": "h1",
  "date": "2023-06-12T11:00:00Z",
  "type": "Session",
  "notes": "Emily reported successfully completing the exposure exercise of driving on the highway for 15 minutes. She experienced moderate anxiety (SUDS 6/10) but was able to use breathing techniques to manage symptoms. She had one panic attack this week, triggered by a car backfiring near her workplace. She was able to implement grounding techniques more quickly than previous episodes and the attack lasted approximately 10 minutes (down from typical 25-30 minutes). Sleep remains disrupted with two trauma-related nightmares this week. We continued work on the trauma narrative, focusing on integrating sensory details while maintaining emotional regulation.",
  "homework": "Continue daily grounding practice. Increase highway driving exposure to 20 minutes. Complete trauma narrative section on immediate aftermath of accident.",
  "metrics": {
    "anxiety": 65,
    "depression": 50,
    "ptsd": 70
  },
  "insights": [
    "Good progress with driving exposure hierarchy",
    "Improved implementation of panic management techniques",
    "Trauma narrative processing proceeding appropriately",
    "Sleep disturbances persisting but stable"
  ]
}