{
  "id": "h4",
  "date": "2023-05-01T09:00:00Z",
  "type": "Assessment",
  "notes": "Conducted formal assessment using GAD-7, PHQ-9, and ISI. Sarah scored 16 on GAD-7 (severe anxiety), 8 on PHQ-9 (mild depression), and 18 on ISI (moderate insomnia). She reported that anxiety symptoms have been present for approximately 8 months, coinciding with a promotion at work that increased her responsibilities. Sleep difficulties developed about 4 months ago and have been worsening. No previous psychiatric history or treatment. Family history of anxiety (mother) and depression (maternal grandmother).",
  "metrics": {
    "anxiety": 80,
    "depression": 40,
    "insomnia": 75
  },
  "assessmentResults": {
    "GAD-7": 16,
    "PHQ-9": 8,
    "ISI": 18
  },
  "insights": [
    "Severe anxiety with onset tied to work promotion",
    "Mild depressive symptoms secondary to anxiety",
    "Moderate to severe insomnia developing after anxiety",
    "Family history suggests possible genetic component"
  ]
}