{
  "id": "h3",
  "date": "2023-05-15T10:30:00Z",
  "type": "Session",
  "notes": "Sarah discussed a conflict with her mother that occurred over the weekend. She reported feeling criticized about her career choices and relationship status. This triggered significant anxiety and rumination. We explored the connection between these family interactions and her work anxiety, noting similar themes of perceived judgment and fear of failure. Sarah was receptive to examining these patterns and recognized how her relationship with her mother might be influencing her response to workplace feedback.",
  "homework": "Write a reflection on patterns of interaction with mother and how they might parallel workplace dynamics. Continue thought journaling with focus on family interactions.",
  "metrics": {
    "anxiety": 68,
    "depression": 45
  },
  "insights": [
    "Family dynamics emerging as significant anxiety trigger",
    "Parallel patterns between family and workplace interactions",
    "Increased insight into anxiety origins",
    "Good engagement with cognitive work"
  ]
}