{
  "id": "h2",
  "date": "2023-06-01T10:30:00Z",
  "type": "Session",
  "notes": "Sarah reported continued anxiety at work, though slightly improved from last week. She has been practicing the thought journaling we discussed and identified several catastrophic thoughts related to her job performance. She noted that challenging these thoughts has been somewhat helpful, but she still experiences physical symptoms of anxiety. Sleep has improved slightly with the progressive muscle relaxation before bed, now averaging 6 hours per night.",
  "homework": "Continue thought journaling and progressive muscle relaxation. Add 10-minute mindfulness practice in the morning.",
  "metrics": {
    "anxiety": 60,
    "depression": 38
  },
  "insights": [
    "Cognitive techniques showing modest improvement",
    "Physical symptoms persist despite cognitive improvement",
    "Sleep improving with relaxation techniques",
    "Morning routine may benefit from mindfulness addition"
  ]
}